CREATE TABLE MEDICINE(ID_MEDICINE INT PRIMARY KEY, DS_NAME VARCHAR(255));
CREATE TABLE PATIENT(ID_PATIENT INT PRIMARY KEY, DS_NAME VARCHAR(255));
CREATE TABLE ENCOUNTER(ID_ENCOUNTER INT PRIMARY KEY, DT_ENTER TIMESTAMP, DT_OUT TIMESTAMP, ID_PATIENT INT);
CREATE TABLE ENCOUNTER_MEDICINE(ID_EM INT PRIMARY KEY, ID_ENCOUNTER INT, ID_MEDICINE INT, DT_WHEN TIMESTAMP);

INSERT INTO MEDICINE VALUES (10, 'Bispon');
INSERT INTO MEDICINE VALUES (12, 'Cipraplex');
INSERT INTO MEDICINE VALUES (13, 'Diazepan');
INSERT INTO MEDICINE VALUES (14, 'Epitol');
INSERT INTO MEDICINE VALUES (15, 'Prozac');
INSERT INTO MEDICINE VALUES (16, 'Abalify');

INSERT INTO PATIENT VALUES (20, 'Dusty Benware');
INSERT INTO PATIENT VALUES (21, 'Samira Mcmiller');
INSERT INTO PATIENT VALUES (22, 'Lucius Quesinberry');
INSERT INTO PATIENT VALUES (23, 'Tod Heidecker');
INSERT INTO PATIENT VALUES (24, 'Loretta Marten');
INSERT INTO PATIENT VALUES (25, 'Adrianna Jenkins');
INSERT INTO PATIENT VALUES (26, 'Eilene Montag');
INSERT INTO PATIENT VALUES (27, 'Melia Kotek');
INSERT INTO PATIENT VALUES (28, 'Stacy Clune');
INSERT INTO PATIENT VALUES (29, 'Damien Kratky');

INSERT INTO ENCOUNTER VALUES (30, '2017-01-01 10:00:00', NULL, 20);
INSERT INTO ENCOUNTER VALUES (31, '2017-01-02 11:00:00', NULL, 21);
INSERT INTO ENCOUNTER VALUES (32, '2017-01-03 12:00:00', NULL, 22);
INSERT INTO ENCOUNTER VALUES (33, '2017-01-04 13:00:00', NULL, 23);
INSERT INTO ENCOUNTER VALUES (34, '2017-01-05 14:00:00', NULL, 24);

INSERT INTO  ENCOUNTER_MEDICINE VALUES (40, 30, 10, '2017-01-01 10:01:00');
INSERT INTO  ENCOUNTER_MEDICINE VALUES (41, 30, 11, '2017-01-01 11:05:00');
INSERT INTO  ENCOUNTER_MEDICINE VALUES (43, 30, 12, '2017-01-01 15:06:00');
INSERT INTO  ENCOUNTER_MEDICINE VALUES (44, 30, 13, '2017-01-01 18:07:00');

INSERT INTO  ENCOUNTER_MEDICINE VALUES (45, 31, 14, '2017-01-02 12:01:00');
INSERT INTO  ENCOUNTER_MEDICINE VALUES (46, 31, 15, '2017-01-02 14:26:00');

INSERT INTO  ENCOUNTER_MEDICINE VALUES (47, 32, 12, '2017-01-03 13:50:00');
INSERT INTO  ENCOUNTER_MEDICINE VALUES (48, 33, 13, '2017-01-04 14:15:00');